Time_h,VPP1_PV_kW,VPP2_PV_kW,VPP3_PV_kW,VPP1_Wind_kW,VPP2_Wind_kW,VPP3_Wind_kW,VPP1_Gas_kW,VPP2_Gas_kW,VPP3_Gas_kW,VPP1_Bat_kW,VPP2_Bat_kW,VPP3_Bat_kW,VPP1_Load_kW,VPP2_Load_kW,VPP3_Load_kW,VPP1_Shed_kW,VPP2_Shed_kW,VPP3_Shed_kW,VPP1_Curtail_kW,VPP2_Curtail_kW,VPP3_Curtail_kW,VPP1_SOC,VPP2_SOC,VPP3_SOC,VPP1_Freq_Hz,VPP2_Freq_Hz,VPP3_Freq_Hz
0,0.978651486986431,0.561027427774244,0.817271685756693,55.4924146834758,176.641892565425,37.6894733522413,10,8,12,100,80,120,564,451.2,394.8,150,8.79416001360058,120,0,177.2029199932,0,0.478260869565217,0.571014492753623,0.517391304347826,50.0330038578439,50,50.0139057673283
0.1,0,0,0,35.6510760817711,113.483501970464,24.2135846786777,13.0691898527729,16,21.0797888610639,100,80,120,538.08,430.464,376.656,150,100,120,0,0,0,0.456521739130435,0.542028985507246,0.484782608695652,50.0583177174839,50.0161307330706,50.0233062973906
0.2,1.35058213031112,0.791030933582469,1.03213590446314,22.1325747892904,70.4517891395748,15.032056047578,10.4924306027191,20.612546055173,28.0464087357452,100,80,120,542.72,434.176,379.904,150,100,120,0,0,0,0.434782608695652,0.513043478260869,0.452173913043478,50.0811534289841,50.0345473376394,50.0314174911541
0.3,3.26469941872469,2.00877450035534,2.62356937785187,21.4397800588081,68.2465044524735,14.5615220352806,2.53699476277443,21.1962978201986,33.0766149461852,100,80,120,569.6,455.68,398.72,150,100,120,0,0,0,0.41304347826087,0.484057971014493,0.419565217391304,50.1039038799553,50.0522016598751,50.0395950987421
0.4,0,0,0,17.2857808306825,55.0236110253846,11.7401987227759,0,17.7271685393289,36.0753486516188,88.9924299290504,80,120,562.24,449.792,393.568,150,100,120,0,0,0,0.393697297841511,0.455072463768116,0.386956521739131,50.1239180091962,50.0680334906248,50.0457764060104
0.5,0,0,0,12.553298695824,39.9593070912039,8.52597998082555,0,10.4113382022742,37.3800568432818,81.2134292261168,80,120,557.6,446.08,390.32,150,100,120,0,0,0,0.376042204531485,0.426086956521739,0.354347826086957,50.1409788436341,50.083188039794,50.0505429865651
0.6,3.51504898552813,2.14580624830229,2.90838332395417,11.8473458847583,37.7121379723286,8.04650923131204,0,2.4113382022742,37.226019058353,76.3914739022109,79.2327176334299,120,560.32,448.256,392.224,150,100,120,0,0,0,0.359435362378831,0.397379450132815,0.321739130434783,50.1552585590709,50.0971058102547,50.0543068010369
0.7,1.78369988484131,1.04593384119941,1.38876489087609,10.0952591686713,32.1349448508243,6.85652270840732,0,0,35.776150368689,71.9829452241311,67.4781054387525,120,564.48,451.584,395.136,150,100,120,0,0,0,0.343786896025759,0.372930861205731,0.289130434782609,50.1682892600197,50.1111413169863,50.0582607157672
0.8,0,0,0,16.8929373788737,53.7731228063143,11.4733863504363,0,0,32.9528915753103,67.6939124341746,61.1482527202898,120,553.12,442.496,387.184,150,100,120,0,0,0,0.329070828105286,0.35077569717664,0.256521739130435,50.1771024947074,50.1192563368522,50.0603096022236
0.9,1.28781672078147,0.752653550307106,1.0126704902311,19.771372420564,62.9356762163791,13.4283688722592,0,0,29.1167594684015,64.160240549571,58.3326853785965,120,550.08,440.064,385.056,150,100,120,0,0,0,0.315122949724945,0.329640666242366,0.223913043478261,50.1836634051404,50.1244774674624,50.0617807752681
1,0,0,0,18.294431248195,58.2343186455624,12.4252563698327,0,0,24.3685849999137,61.0114244115524,56.0436845819338,120,562.56,450.048,393.792,150,100,120,0,0,0,0.301859596591998,0.309334983422825,0.191304347826087,50.1913646100244,50.1310179735396,50.0650243746985
1.1,0,0,0,23.0792972515687,73.4653694356369,15.6750533151781,0,0,18.3214468983584,57.5575373345194,53.4254036310992,120,547.52,438.016,383.264,150,100,120,0,0,0,0.289347088475799,0.289977953121702,0.158695652173913,50.1953427767414,50.1329644090894,50.0665884997304
1.2,0.608716732092326,0.366673279706111,0.4593767145496,20.649974324312,65.7324170678066,14.0250998530142,0,0,11.295598793135,54.8084762237102,51.7064724302336,120,565.28,452.224,395.696,150,100,120,0,0,0,0.277432202340209,0.271243723980313,0.126086956521739,50.2015025990891,50.1376273189012,50.0705929230695
1.3,0,0,0,15.657377380897,49.8401229960588,10.6342157018989,0,0,2.76293678938229,51.561485763277,49.3976172788717,96.0000000000006,538.4,430.72,376.88,150,100,120,0,0,0,0.266223183696019,0.253346036560432,0.1,50.204026230852,50.1409661564176,50.0761387181234
1.4,0,0,0,20.7615955662125,66.0877266634023,14.1009110399332,0,0,0,49.0164971021643,47.3201882114071,-7.6402714063899,573.28,458.624,401.296,150,100,120,0,0,0,0.255567423456418,0.236201040831661,0.10175726242347,50.2103545723258,50.1454684031508,50.0975556892143
1.5,0,0,0,20.7615955662125,66.0877266634023,14.1009110399332,0,0,0,45.6472830841441,44.9650548332652,-9.19543358771437,566.24,452.992,396.368,150,100,120,0,0,0,0.245644101046821,0.21990935429787,0.103872212148644,50.214927807374,50.1486332849877,50.1142395543778
1.6,0,0,0,14.9278333511478,47.5178589738539,10.1387222110253,0,0,0,42.5833580007811,42.8457456159968,-5.89158717555376,563.52,450.816,394.464,150,100,120,0,0,0,0.236386849307521,0.204385533422509,0.105227277199021,50.2194100870522,50.1536336140449,50.1274205588308
1.7,0.857135841540538,0.528243915041111,0.679204451227596,13.9622241936973,44.4441590812928,9.48289743180109,0,0,0,39.4928011946019,40.3093436641201,-4.81535426908236,572.8,458.24,400.96,150,100,120,0,0,0,0.227801457743477,0.189780698761595,0.10633480868091,50.2246597814778,50.1593013250145,50.1386848807161
1.8,0,0,0,11.3169482831126,36.0237912550114,7.68627249648367,0,0,0,36.1962644947093,37.5827882200487,-4.37935159995363,581.6,465.28,407.12,150,100,120,0,0,0,0.219932704592453,0.176163746507955,0.1073420595489,50.2309393968119,50.1663308494149,50.1487896484534
1.9,0,0,0,8.52503488084337,27.1366510923673,5.79005395243956,0,0,0,32.6309474597785,34.5135748458146,-4.18151843773333,573.28,458.624,401.296,150,100,120,0,0,0,0.212839020362067,0.163658828085558,0.108303808789578,50.2357013864708,50.1726611827402,50.1563233806941
2,4.38489042556694,2.70639931339532,3.49550274648188,12.2361779127069,38.94985713987,8.31059711502473,0,0,0,29.3215356632961,31.5208963533614,-3.71226148711588,536.96,429.568,375.872,150,100,120,0,0,0,0.206464773478742,0.152238213464775,0.109157628931615,50.2340300953097,50.1723143924846,50.158095792772
2.1,0,0,0,18.9180522546865,60.2194114813772,12.8488088038027,0,0,0,27.3154929424041,29.8671104796329,-2.5056437077276,544.16,435.328,380.912,150,100,120,0,0,0,0.200526622839088,0.141416796624328,0.109733926984392,50.2336142702215,50.1705503777262,50.1598858122048
2.2,0.198937241393779,0.120888626854051,0.165723893044305,12.553298695824,39.9593070912039,8.52597998082555,0,0,0,25.0625152578339,28.5144096540483,-2.34172888211253,552.64,442.112,386.848,150,100,120,0,0,0,0.195078249956951,0.131085488778658,0.110272524627278,50.2355347826845,50.1729092881314,50.1626417197649
2.3,0,0,0,14.3958031387969,45.8243153760902,9.77737663568205,0,0,0,22.3230649383834,26.313534691706,-2.53728826596975,561.12,448.896,392.784,150,100,120,0,0,0,0.190225409752954,0.121551599397606,0.110856100928451,50.2383479770707,50.1752285171627,50.165519230696
2.4,0,0,0,12.0796402331826,38.4515708042204,8.2042794726099,0,0,0,19.3769462904494,3.579818051199,-2.62042197082301,567.52,454.016,397.264,150,100,120,0,0,0,0.186013030124596,0.120254563871809,0.111458797981741,50.2421535034534,50.1817807618828,50.1686394035566
2.5,0.347409249281557,0.209828216815799,0.285838669058114,10.9479469066473,34.8491964591303,7.4356532429414,0,0,0,16.1943059793724,-3.12825656284152,-2.71292542239677,551.84,441.472,386.288,150,100,120,0,0,0,0.182492528824732,0.121213895884414,0.112082770828892,50.2436361811447,50.1866967737578,50.1697487806466
2.6,0,0,0,9.95759845281084,31.6967471346101,6.76302596814708,0,0,0,13.461408629669,-3.33067032063661,-2.33606856936163,563.68,450.944,394.576,150,100,120,0,0,0,0.179566135644369,0.122235301449409,0.112620066599845,50.2469437439714,50.1923678087644,50.1718188968641
2.7,1.21758516269066,0.736843410450245,1.00976011550563,8.64918393798333,27.531838876833,5.87437381142337,0,0,0,10.3304586246077,-3.56947605020859,-2.49103234439587,551.84,441.472,386.288,150,100,120,0,0,0,0.177320383769455,0.123329940771473,0.113193004039056,50.2484406981471,50.1961306195132,50.1723744372803
2.8,0,0,0,9.889239892823,31.4791500904344,6.71659803489251,0,0,0,7.54666080800045,-3.26213986621367,-2.21747502413607,553.92,443.136,387.744,150,100,120,0,0,0,0.175679805332933,0.124330330330445,0.113703023294607,50.2502837717576,50.1988936942474,50.1729988667561
2.9,0,0,0,8.7117079180691,27.7308634504809,5.91683900049039,0,0,0,4.67520836833017,-3.04261657274883,-2.19547872643648,544,435.2,380.8,150,100,120,0,0,0,0.174663455687644,0.125263399412755,0.114207983401688,50.2509754285679,50.2005165224809,50.1726762453684
3,0,0,0,10.5158419847093,33.4737322333739,7.14217516970119,0,0,0,2.02712272059118,-2.79707677708237,-1.9994637085107,550.56,440.448,385.392,150,100,120,0,0,0,0.174222776835341,0.126121169624393,0.114667860054645,50.2525159475602,50.2017160639238,50.1728409014332
3.1,6.68468478813012,4.04058098652187,5.32543135373685,11.0210955313064,35.0820411023494,7.48533450398522,0,0,0,-0.806140553488916,-2.68669992079634,-2.06845785292602,545.44,436.352,381.808,150,100,120,0,0,0,0.174371106697183,0.126945090933437,0.115143605360818,50.2524848060794,50.2013616615167,50.1717481467459
3.2,0,0,0,10.8751226656003,34.6173843846952,7.38619229754923,0,0,0,-3.32476031811447,-2.35541324156523,-1.81664565621259,550.72,440.576,385.504,150,100,120,0,0,0,0.174982862595716,0.127667417660851,0.115561433861747,50.2544104632172,50.2021978663943,50.1720564445112
3.3,0,0,0,9.15783281986191,29.1509556815136,6.21983919779299,0,0,0,-6.25399637784392,-2.55101111336346,-2.06126077096726,577.12,461.696,403.984,150,100,120,0,0,0,0.176133597929239,0.128449727735616,0.116035523839069,50.2600905257148,50.206437767173,50.1749552118187
3.4,2.99274990471682,1.78590360871543,2.37247196583217,8.77453249363538,27.930844871202,5.95950834872792,0,0,0,-9.99091413451727,-3.30419313448851,-2.64591523411016,552.16,441.728,386.512,150,100,120,0,0,0,0.177971926129991,0.129463013630192,0.116644084342915,50.2614569048033,50.2071922730257,50.1747409607776
3.5,0,0,0,11.9244433392547,37.9575524195446,8.09887246822186,0,0,0,-12.8787590002557,-4.04826558558005,-2.11097197950708,598.72,478.976,419.104,150,100,120,0,0,0,0.180341617786038,0.130704481743103,0.117129607898201,50.2691220992641,50.2117627135093,50.1788749152236
3.6,0.718032918519707,0.455400530826509,0.609488870753882,13.7063039055288,43.6295208229682,9.30908086720859,0,0,0,-17.1030188850568,-7.07998081740794,-2.93978533748516,572,457.6,400.4,150,100,120,0,0,0,0.183488573260888,0.132875675860442,0.117805758525823,50.2719215036861,50.2121561787359,50.1795560942588
3.7,0,0,0,10.7304444509325,34.1568487637878,7.28792939535845,0,0,0,-20.3821148063125,-9.2802356500905,-2.38334777746968,568.96,455.168,398.272,150,100,120,0,0,0,0.18723888238525,0.135721614793136,0.118353928514641,50.2746854256629,50.2137637945736,50.1800938645247
3.8,0,0,0,11.6941493564381,37.224487095154,7.94246084010913,0,0,0,-23.6817534583075,-11.7393967633567,-2.27457491703676,556.64,445.312,389.648,150,100,120,0,0,0,0.191596325021578,0.139321696467232,0.11887708074556,50.2755653544106,50.2136546236146,50.1792724401633
3.9,0.706203834284135,0.425151627323419,0.579978798823436,14.3958031387969,45.8243153760902,9.77737663568205,0,0,0,-26.6133927519456,-13.8541088077112,-1.97781423662182,577.6,462.08,404.32,150,100,120,0,0,0,0.196493189287936,0.14357028983493,0.119331978019983,50.279000468299,50.2148816511323,50.1802100133043
4,2.76118179117175,1.66783942985073,2.20331103807278,9.48564829038412,30.1944486607894,6.44248570743169,0,0,0,-30.0904202126146,-16.2483308225631,-2.29340702797823,562.56,450.048,393.792,150,100,120,0,0,0,0.202029826607057,0.148553111287183,0.119859461636418,50.28058751999,50.2164965266034,50.1798266253477
4.1,0.620864842756374,0.370501689603228,0.503935479295997,12.0796402331826,38.4515708042204,8.2042794726099,0,0,0,-33.2137057507163,-18.7362711828238,-2.07385598167015,572.96,458.368,401.072,150,100,120,0,0,0,0.208141148465189,0.154298901116582,0.120336448512202,50.283599776082,50.2183015144413,50.1804529857488
4.2,0,0,0,10.7304444509325,34.1568487637878,7.28792939535845,0,0,0,-36.6521547299299,-21.2802838948065,-2.24834621649012,605.76,484.608,424.032,150,100,120,0,0,0,0.214885144935496,0.160824854844323,0.120853568141994,50.2911040489028,50.2242054029038,50.1842280441752
4.3,0,0,0,13.2038834292857,42.0302301038057,8.96784570454729,0,0,0,-41.0640497831186,-24.7031156163545,-2.94263810588197,573.44,458.752,401.408,143.843825744257,52.1408138746516,120,13.2038834292857,42.0302301038057,0,0.22244093009559,0.168400476966671,0.121530374906347,50.2530251124266,50.1943914044052,50.1684634259325
4.4,0,0,0,11.2424949154807,35.7867933906834,7.63570507692991,0,0,0,-35.978513612157,-20.6842299606903,1.01630017615435,591.36,473.088,413.952,150,100,120,0,0,0,0.229060976600227,0.174743640821283,0.121254206380218,50.2645662257675,50.2032445150669,50.1728107400456
4.5,0,0,0,7.68909302634214,24.4757045090188,5.22229692782716,0,0,0,-40.9323985380114,-24.487297243683,-2.59757022307359,569.92,455.936,398.944,150,100,120,0,0,0,0.236592537931221,0.182253078642679,0.121851647531525,50.2720747546823,50.2100552910848,50.1750911618092
4.6,0,0,0,6.03634759002431,19.2147317532778,4.09978125725412,0,0,0,-45.154851867777,-27.9500053581143,-2.60598275707211,580.8,464.64,406.56,150,100,120,0,0,0,0.244901030674892,0.190824413619168,0.122451023565652,50.2803156043162,50.2178276026818,50.178081756314
4.7,4.12908619661915,2.44456591147258,3.41845841381258,8.21987219922925,26.1652658331723,5.58279281914057,0,0,0,-49.6061778377221,-31.682743704337,-2.77921541558769,606.72,485.376,424.704,150,98.4864480597656,120,0,28.6098317446449,0,0.254028567397033,0.200540455021831,0.123090243111237,50.24983779797,50.190219781306,50.1661516743788
4.8,1.29659085539853,0.795562461272137,1.06381125192656,10.5870551204832,33.7004158828486,7.19054188069021,0,0,0,-46.0089945481942,-28.0633772422409,0.297612155412523,578.88,463.104,405.216,148.096907286796,68.4994027026065,120,11.8836459758817,34.4959783441208,0,0.262494222393901,0.209146557376118,0.123009370242918,50.2206714376491,50.1676509420104,50.1539690347574
4.9,0,0,0,9.48564829038412,30.1944486607894,6.44248570743169,0,0,0,-42.3824368605028,-33.2261188032312,0.896837576714745,613.44,490.752,429.408,22.0842042412823,0,120,9.48564829038412,10.6499519968338,0,0.270292590776233,0.219335900475776,0.122765664379681,50.1968548083674,50.1492175694488,50.1387905447452
5,1.25222329358003,0.7256219995545,0.983752004051317,12.7947017360746,40.7277344545497,8.68993668562154,0,0,0,-39.5876590878252,-23.031619985388,1.64779255498479,602.88,482.304,422.016,124.825519502482,39.4287827412245,120,14.0469250296546,41.4533564541042,0,0.277576720048393,0.226398930604628,0.122317894663652,50.1774288679056,50.1341782715571,50.1316604713402
5.1,0,0,0,9.15783281986191,29.1509556815136,6.21983919779299,0,0,0,-44.2384204502208,-43.4515446264576,0.109409967604108,590.56,472.448,413.392,0,0,119.220071187787,9.15783281986191,2.17824971354017,6.21983919779299,0.285716589411234,0.239724070956742,0.122288163694195,50.1616066622811,50.121924689662,50.1178644360581
5.2,0,0,0,10.7304444509325,34.1568487637878,7.28792939535845,0,0,0,-35.9283851724365,-20.1340736402246,1.58056269583506,610.08,488.064,427.056,132.036984701908,54.4846013554425,120,10.7304444509325,34.1568487637878,0,0.292327412282962,0.245898520206411,0.121858662961631,50.1487424478479,50.111957628215,50.1155655031598
5.3,2.33851456613871,1.34385412651953,1.86428267253161,9.09318953351075,28.9451849918103,6.17593461313524,0,0,0,-100,-80,-0.695868451950489,619.2,495.36,433.44,0,0,79.9042784547705,0,0,8.04021728566685,0.310727412282962,0.270431853539744,0.122018712705579,50.1316912619733,50.0969047887495,50.1048705022813
5.4,4.07351706634017,2.41031972449365,3.10155650540851,9.41946958826926,29.983790478842,6.39753829535617,0,0,0,-32.749642209092,-25.2187176273686,0.983409758674014,619.84,495.872,433.888,34.6509161490349,0,120,13.4929866546094,24.9154013632912,0,0.316753346449435,0.278165593612137,0.121751481792896,50.1243862952065,50.0915529933499,50.1004463019882
5.5,3.48895865610861,2.07043755305191,2.91548145963469,11.4668397028523,36.500921403576,7.78807611599151,0,0,0,-100,-80,-0.119622961266529,597.28,477.824,418.096,0,0,59.2147082675874,0,0,10.7035575756262,0.335153346449435,0.30269892694547,0.121778995073987,50.1086760218563,50.0770284205302,50.0926457183851
5.6,0,0,0,10.6585890356067,33.9281206281208,7.23912645937918,0,0,0,-100,-80,0.615285449917067,613.92,491.136,429.744,0,0,33.8956630090618,19.7970445353719,41.2388850289081,7.23912645937918,0.353553346449435,0.327232260278804,0.121611797940858,50.086940817485,50.0616227364243,50.0863207635644
5.7,0,0,0,11.391729638619,36.2618331611098,7.73706267964076,0,0,0,-100,-80,0.40178332849807,626.56,501.248,438.592,0,0,32.0976485268518,33.5537538673937,53.9914525441294,7.73706267964076,0.371953346449435,0.351765593612137,0.121502617688549,50.069552653988,50.0492981891394,50.0812072285974
5.8,1.19874453805204,0.733692742564776,0.968202819994425,16.4103116316324,52.2368421113801,11.1455954200269,0,0,0,-100,-80,0.2106347074333,635.68,508.544,444.976,0,0,19.8645332429851,56.3146491288,83.9350092201719,12.1137982400214,0.390353346449435,0.37629892694547,0.121445379996311,50.0556421231906,50.0394385513115,50.0770883159961
5.9,3.61202603626151,2.19927860968752,2.94923929210751,15.0177598170745,47.8041103691774,10.1997986871624,0,0,0,-100,-80,0.0528993602962657,652,521.6,456.4,0,0,38.1631586178175,19.179203446379,50.4429230532994,13.1490379792699,0.408753346449435,0.400832260278804,0.121431005170144,50.0445136985525,50.0315508410492,50.073786132667
6,0,0,0,19.1290323170997,60.8909972779371,12.9921027564183,0,0,0,-100,-80,-0.077424660856579,654.24,523.392,457.968,0,0,27.5972188572132,48.6902238266524,84.5399504855793,12.9921027564183,0.427153346449435,0.425365593612137,0.121448812842141,50.035610958842,50.0252406728394,50.0711547092919
6.1,0.242900691941006,0.150836474852934,0.194739395310224,15.1080467092368,48.0915090631498,10.261119958468,0,0,0,-100,-80,-20.3888650117156,643.36,514.688,450.352,0,0,0,187.63160620224,186.066872578852,2.89995603263318,0.445553346449435,0.44989892694547,0.126138251794835,50.0284887670736,50.0201925382715,50.0690742722475
6.2,0,0,0,18.294431248195,58.2343186455624,12.4252563698327,0,0,0,-100,-80,1.12715900555858,674.24,539.392,471.968,0,0,0,154.623530247017,167.297597848576,2.7845036066193,0.463953346449435,0.474432260278804,0.125831958586803,50.0227910136589,50.0161540306177,50.0674465433205
6.3,0.412488237967964,0.25042689140472,0.34555390064799,24.9264402600517,79.3451430717012,16.9296004022547,0,0,0,-100,-80,15.3092465331658,686.72,549.376,480.704,0,0,31.6574789536266,7.20544060085066,65.0887796469098,17.2751543029026,0.482353346449435,0.498965593612137,0.121671837246269,50.0182328109271,50.0129232244944,50.0661908827985
6.4,11.1052430137796,6.7703957797174,8.92608959295846,14.3083794726502,45.5460308225843,9.71800001719494,0,0,0,-100,-80,-0.410776723600989,696,556.8,487.2,0,0,20.3418887056873,73.9575500075188,91.1515686177738,18.6440896101534,0.500753346449435,0.523498926945471,0.121766315892697,50.0145862487419,50.0103385795955,50.0652411246108
6.5,16.6848864713987,10.0603900951647,13.6436195146253,13.6216973308397,43.3602035557019,9.25161756775841,0,0,0,-100,-80,-16.3136783580574,713.28,570.624,499.296,0,0,0,207.380491581838,195.079719874546,3.94728076537988,0.519153346449435,0.548032260278804,0.12551846191505,50.0116689989935,50.0082708636764,50.0645429793418
6.6,14.4057075239962,8.48874129331686,11.7979767272558,17.8863922262928,56.9354603154562,12.1481234331894,0,0,0,-100,-80,-16.1287790638555,721.28,577.024,504.896,0,0,0,211.012099750289,208.400201608773,3.9472807653308,0.537553346449435,0.572565593612137,0.129228081099737,50.0093351991948,50.0066166909411,50.0640519032252
6.7,23.6454906829809,13.9920012028191,18.9252077404807,18.3974015395884,58.5620907789882,12.4951919831175,0,0,0,-100,-80,-19.3293824359804,728.16,582.528,509.712,0,0,0,213.882892222569,210.026091981807,3.94728076539516,0.555953346449435,0.59709892694547,0.133673839060013,50.0074681593559,50.0052933527529,50.0637313495064
6.8,26.0738910220977,14.8082890458398,19.6522108456166,21.0988712642828,67.1613331727476,14.3299827699577,0,0,0,-100,-80,-18.7683790790367,733.44,586.752,513.408,0,0,0,213.732762286381,215.217622218588,3.94728076524459,0.574353346449435,0.621632260278804,0.137990566248191,50.0059745274847,50.0042346822023,50.0635513335649
6.9,25.7907092466256,15.444853368076,19.6240919921238,19.4484344781462,61.9077092472854,13.2090350940373,0,0,0,-100,-80,-23.5948226971962,725.76,580.608,508.032,0,0,0,219.479143729962,216.744562620487,3.94728076539328,0.592753346449435,0.646165593612137,0.143417375468546,50.0047796219884,50.0033877457625,50.063487255498
7,35.4701945022676,22.1984676813876,29.683133286724,21.0988712642828,67.1613331727476,14.3299827699577,0,0,0,-100,-80,-7.50886860912659,765.6,612.48,535.92,0,0,0,190.96906576655,196.879800854135,3.94728076531521,0.611153346449435,0.67069892694547,0.145144415248645,50.0038236975908,50.00271019661,50.06351893397
7.1,49.6909533724854,29.776221805491,39.370639222667,21.5542270423958,68.6108088694762,14.6392524163206,0,0,0,-100,-80,-10.5311692256345,776.48,621.184,543.536,0,0,0,194.765180414881,197.20303067963,3.94728076522016,0.629553346449435,0.695232260278804,0.147566584170541,50.0030589580726,50.0021681572887,50.0636298134189
7.2,47.0268118427228,27.4439221277435,37.5366664317643,28.0825976527605,89.3917344529272,19.0732070668137,0,0,0,-100,-80,-3.48562510906484,791.2,632.96,553.84,0,0,0,183.909409495483,203.875656585492,3.94728076525748,0.647953346449435,0.719765593612137,0.148368277945626,50.0024471664581,50.0017345258316,50.0638063135145
7.3,63.8603260668717,35.6891306814703,47.8859986597671,28.7719927228464,91.5861974367395,19.5414320894835,0,0,0,-100,-80,-18.7845455139937,785.76,628.608,550.032,0,0,0,206.872318789718,218.66732811821,3.9472807652121,0.666353346449435,0.74429892694547,0.152688723413845,50.0019577331665,50.0013876206652,50.0640372953448
7.4,41.401585967745,25.7045205326499,34.0044255275136,29.898340087313,95.1715546658369,20.3064274356145,0,0,0,-100,-80,5.74146295260441,803.04,642.432,562.128,0,0,0,168.259926055058,198.444075198487,3.94728076524067,0.684753346449435,0.768832260278803,0.15112854326368,50.0015661865332,50.0011100965322,50.0643136233851
7.5,71.1219277513048,42.6567056999115,52.9520275801603,27.2699691283151,86.80499820565,18.5212840464865,0,0,0,-100,-80,17.4486024471913,845.28,676.224,591.696,0,0,0,153.11189687962,173.237703905561,3.9472807652409,0.703153346449435,0.793365593612137,0.146387075207379,50.0012529492265,50.0008880772258,50.0646278060628
7.6,70.3584812072835,44.7393527249936,58.6666788398752,25.3073131155814,80.5575268256126,17.1882825558599,0,0,0,-100,-80,13.2538380818612,846.56,677.248,592.592,0,0,0,149.105794322865,168.048879550606,3.94728076528447,0.721553346449435,0.81789892694547,0.14278548877209,50.0010023593812,50.0007104617806,50.0649737008179
7.7,82.3719648406668,48.2439198935431,64.1886633215764,24.5494081064887,78.1449849321919,16.6735267859648,0,0,0,-100,-80,19.7451642836474,871.36,697.088,609.952,0,0,0,135.561372947155,149.300904825735,9.0898098924454,0.739953346449435,0.842432260278803,0.13741995499936,50.000801887505,50.0005683694245,50.0653462720832
7.8,87.1097167286777,52.8046340536546,68.7166098406256,28.0825976527605,89.3917344529272,19.0732070668137,0,0,0,-100,-80,19.0171873097617,878.56,702.848,614.992,0,0,0,136.632314381438,159.348368506581,7.2021830924662,0.758353346449435,0.866965593612137,0.13225224105649,50.000641510004,50.0004546955396,50.0657413926919
7.9,81.8122032250482,48.5823830503349,65.6599206755314,26.8696008177013,85.5305570678218,18.2493609222175,0,0,0,-100,-80,16.9689963489763,894.24,715.392,625.968,0,0,0,114.441804042749,138.720940118157,23.3704713143543,0.776753346449435,0.89149892694547,0.127641100744268,50.0005132080032,50.0003637564317,50.0661556809187
8,92.9113157505394,58.6613006119955,78.4363566799079,29.7559672789903,94.7183575495204,20.2097303249198,0,0,0,-100,-27.7208903952068,-0.744414454548689,921.6,737.28,645.12,0,0,0,101.06728302953,188.378767770764,44.7546622562619,0.795153346449435,0.9,0.127812316068814,50.0004105664026,50.0072615530932,50.0665863667608
8.1,100.571702232558,62.2609316114982,80.7924240544315,42.8187363882259,136.299396521459,29.0817336619024,0,0,0,-100,0,-0.866342896236645,918.56,734.848,642.992,0,0,0,124.830438620784,263.712328132957,30.7685191504679,0.813553346449435,0.9,0.128011574934949,50.000328453122,50.0164759091413,50.0670311822125
8.2,110.639708159252,67.4698296458685,89.7224258187875,45.7835180223287,145.736805974233,31.0953612726505,0,0,0,-100,0,-0.892345181341582,941.92,753.536,659.344,0,0,0,114.50322618158,259.670635620102,35.4436171479667,0.831953346449435,0.9,0.128216814326657,50.0002627624976,50.0238473939797,50.067488271229
8.3,107.573138507593,64.1454653622456,87.1847668169478,40.1581365958081,127.830250145822,27.2747010152014,0,0,0,-100,0,-0.903364735427118,950.24,760.192,665.168,0,0,0,97.4912751034008,231.783715508068,46.8706554457213,0.850353346449434,0.9,0.128424588215805,50.0002102099981,50.0297445818504,50.0679561158442
8.4,111.389259408425,66.3260538385889,88.1344602996007,46.5455028161244,148.162334523493,31.6128879606562,0,0,0,-100,0,-0.911886904846568,965.76,772.608,676.032,0,0,0,92.1747622245494,241.880388362082,51.6821671055316,0.868753346449434,0.9,0.12863432220392,50.0001681679985,50.034462332147,50.0684334755472
8.5,118.86157958515,68.4632583520631,93.4737513935591,40.8565234594779,130.053335553893,27.7490331061363,0,0,0,-100,0,-0.919872524664527,982.24,785.792,687.568,0,0,0,77.4781030446276,212.724593905957,60.970909789897,0.887153346449434,0.9,0.128845892884593,50.0001345343988,50.0382365323843,50.0689193375358
8.6,123.237667531349,73.6964951843454,101.415547161524,28.6332212934698,91.1444641285225,19.4471809721124,0,0,0,-69.818769296552,0,-0.927658192859667,1003.52,802.816,702.464,0,0,0,78.5321195282668,162.024959312868,75.4483860510507,0.9,0.9,0.129059254268951,50.0041317916128,50.0412558925741,50.0694128758964
8.7,119.030585217977,75.4413124859294,103.501480780082,26.4731705241377,84.2686513150309,17.9801124299594,0,0,0,0,0,-0.935324729507116,1008.48,806.784,705.936,0,0,0,137.023755742114,152.92596380096,77.5163510802334,0.9,0.9,0.129274378956737,50.0166387666236,50.0436713807259,50.069913418109
8.8,126.926389919675,72.9341653936085,97.59390362731,21.4397800588081,68.2465044524735,14.5615220352806,0,0,0,0,0,-0.942908502066601,1044.32,835.456,731.024,0,0,0,104.046169980943,105.724669846082,111.138859776654,0.9,0.9,0.129491247912213,50.0266443466325,50.0456037712474,50.0704204175622
8.9,133.859153129635,77.8914262372857,108.989398735674,24.9264402600517,79.3451430717012,16.9296004022547,0,0,0,0,0,-0.950434812188391,1029.92,823.936,720.944,0,0,0,128.865593389686,133.300569308987,86.4972085451241,0.9,0.9,0.129709847919016,50.0346488106394,50.0471496836646,50.0709334310003
9,133.075417013153,78.6076246229467,106.120263640094,29.6140471660194,94.2666014403069,20.1133406769567,0,0,0,0,0,-0.957923784776142,1051.52,841.216,736.064,0,0,0,111.169464179172,131.658226063253,100.498155340967,0.9,0.9,0.129930170389515,50.0410523818448,50.0483864135983,50.0714521000172
9.1,140.535613805748,81.5587327790567,110.441973262674,43.5475504347059,138.619336881467,29.5767313609614,0,0,0,0,0,-0.965391896879737,1060.16,848.128,742.112,0,0,0,123.923164240454,172.050069660523,91.9502683429457,0.9,0.9,0.130152210525797,50.0461752388092,50.0493757975453,50.0719761358711
9.2,134.368471480754,84.1953706639321,107.41321911317,46.1634622997334,146.946233904392,31.3534127523034,0,0,0,0,0,-0.972852724859322,1095.68,876.544,766.976,0,0,0,84.851933780487,154.597604568324,117.249233399567,0.9,0.9,0.130375966652515,50.0502735243807,50.0501673047029,50.0725053070249
9.3,138.455776785079,83.5895519831364,114.215680780727,44.6562049558348,142.148374749623,30.3297100386647,0,0,0,0,0,-0.980317479537575,1090.4,872.32,763.28,0,0,0,92.7119817409136,153.417926732759,106.951051899381,0.9,0.9,0.130601439672808,50.0535521528379,50.050800510429,50.0730394289213
9.4,138.056516285801,83.0226100503027,110.655180462816,51.2955947761444,163.282693557493,34.8390669865471,0,0,0,0,0,-0.987795433362592,1111.04,888.832,777.728,0,0,0,78.3121110619451,157.473303611519,119.620454554673,0.9,0.9,0.130828632622482,50.0561750556036,50.0513070750104,50.0735783555943
9.5,133.586013602588,79.7011056821451,109.046592930051,35.9727379951728,114.507407119908,24.4320518004047,0,0,0,0,0,-0.995294269103141,1088.32,870.656,761.824,0,0,0,81.2387515977607,123.552512802053,114.895987218868,0.9,0.9,0.131057550304375,50.0582733778162,50.051712326675,50.0741219727848
9.6,142.623162063589,86.8835078797549,116.897629080823,41.3855942120082,131.737458682451,28.108368668351,0,0,0,0,0,-1.00282036567017,1119.36,895.488,783.552,0,0,0,64.6487562755971,123.132966562206,124.254217130717,0.9,0.9,0.131288198988479,50.0599520355863,50.0520365280066,50.0746701922926
9.7,138.770614943678,87.1718173287065,114.838416572713,49.4782063951159,157.497634014087,33.6047287198102,0,0,0,0,0,-1.01037903265677,1135.52,908.416,794.864,0,0,0,52.7288213387937,136.253451342793,131.280282429909,0.9,0.9,0.131520586165991,50.0612949618024,50.052295889072,50.0752229473421
9.8,146.03055519641,85.3235660088035,112.821694208244,40.506326601003,128.938598770419,27.5111855509197,0,0,0,0,0,-1.01797470274012,1132.64,906.112,792.848,0,0,0,53.8968817974124,108.15016478178,136.519363149989,0.9,0.9,0.131754720347621,50.0623693027753,50.0525033779246,50.0757801887795
9.9,144.065703894195,87.1161847295288,114.169055804822,52.3242194149239,166.556982556626,35.5376907738497,0,0,0,0,0,-1.02561108961453,1152.16,921.728,806.512,0,0,0,44.2299233101651,131.945167286155,139.947882542093,0.9,0.9,0.131990610898232,50.0632287755537,50.0526693690063,50.0763418819528
10,143.249696791135,85.7340000814771,111.715874350738,55.9242603388083,178.01653150102,37.982775336157,0,0,0,0,0,-1.03329131754917,1138.4,910.72,796.88,0,0,0,60.7739571299431,153.030531582498,129.455902207648,0.9,0.9,0.132228267901268,50.0639163537763,50.0528021618717,50.0769080041519
10.1,147.713947730436,88.5696515360914,114.402656534389,53.1569501119501,169.207707473879,36.1032668367077,0,0,0,0,0,-1.04101802773133,1168.96,935.168,818.272,0,0,0,31.9108978423855,122.60935900997,149.166050752219,0.9,0.9,0.132467702047647,50.0644664163543,50.0529083961641,50.0774785425088
10.2,143.841206569706,88.9592133906774,113.894781497551,59.685754194934,189.990012875172,40.5375158941901,0,0,0,0,0,0.749468215657927,1185.92,948.736,830.144,0,0,0,17.6069607646396,130.213226265849,154.432297391741,0.9,0.9,0.132264042206435,50.0649064664168,50.0529933835979,50.0780534922738
10.3,145.126289719705,85.8730780132457,117.379580676171,80.210170435809,255.322756985661,54.4773389023085,0,0,0,0,0,-2.69378655692098,1156.96,925.568,809.872,0,0,0,68.376460155514,215.627834998907,119.283405101859,0.9,0.9,0.132883613114527,50.0652585064668,50.053061373545,50.0786328554026
10.4,149.368452137376,88.6143485524382,115.502904038031,76.1508285082366,242.401174013528,51.7203051657241,0,0,0,0,0,-2.32766305638421,1160.64,928.512,812.448,0,0,0,64.8792806456126,202.503522565966,125.22479079627,0.9,0.9,0.133418975617495,50.0655401385068,50.0531157655027,50.0792166393963
10.5,144.546499518658,90.5614811482243,118.127041756938,74.3042963020808,236.523344666241,50.4661729248597,0,0,0,0,0,-3.23658624907875,1189.44,951.552,832.608,0,0,0,29.4107958207389,175.532825814465,144.014785318196,0.9,0.9,0.134163390454784,50.0657654441387,50.0531592790688,50.0798048563502
10.6,149.910685165966,92.6330007829553,128.00310387514,67.2166364431662,213.962105288213,45.6523588404303,0,0,0,0,0,-4.15227820337252,1195.36,956.288,836.752,0,0,0,21.7673216096473,150.307106074722,143.09653728441,0.9,0.9,0.135118414441559,50.0659456886444,50.0531940899222,50.080397522174
10.7,147.238196602964,91.7977417518871,119.472076627673,59.685754194934,189.990012875172,40.5375158941901,0,0,0,0,0,-5.07478658986024,1172.48,937.984,820.736,0,0,0,34.4439507978982,143.803754627059,140.726407478091,0.9,0.9,0.136285615357227,50.0660898842488,50.0532219386044,50.0809946559512
10.8,144.290767158967,90.5356961173349,121.668745026574,69.4432671891555,221.049853609481,47.1646473332797,0,0,0,0,0,-6.00415990481069,1177.76,942.208,824.432,0,0,0,35.9740343481224,169.377549726816,135.598607640101,0.9,0.9,0.137666572135334,50.0662052407324,50.0532442175502,50.0815962794149
10.9,151.973692932758,86.573435571312,115.488289065396,61.9752441174082,197.277852757831,42.0924972356132,0,0,0,0,0,-6.94044739170953,1183.36,946.688,828.352,0,0,0,30.5889370501666,137.163288329143,150.771213698936,0.9,0.9,0.139262875035427,50.0662975259193,50.0532620407068,50.0822024165175
11,144.309555909816,81.4509155827225,112.39140806631,65.2778162583879,207.790507444855,44.3355462254848,0,0,0,0,0,-7.88369897740185,1173.6,938.88,821.52,0,0,0,35.9873721682037,150.361423027577,144.793045708208,0.9,0.9,0.141076125800229,50.0663713540687,50.0532762992321,50.0828130930776
11.1,146.431610814551,88.8870994094986,112.019337447562,63.3766418730667,201.738742650773,43.044301976298,0,0,0,0,0,-8.83396522020914,1182.72,946.176,827.904,0,0,0,27.0882526876178,144.449842060271,152.840360576148,0.9,0.9,0.143107937800877,50.0664304165883,50.0532877060524,50.0834283364915
11.2,149.498682584784,84.0120525007905,115.193910633385,70.9546764030042,225.86092887982,48.1911699240626,0,0,0,0,0,-9.79129726788995,1185.28,948.224,829.696,0,0,0,35.1733589877886,161.64898138061,146.310919442567,0.9,0.9,0.145359936172492,50.066477666604,50.0532968315086,50.0840481754956
11.3,154.829013011475,92.3669091627739,121.020873932217,75.6201626293296,240.711973323583,51.359886221692,0,0,0,0,0,-10.7557468236631,1191.84,953.472,834.288,0,0,0,38.6091756408045,179.606882486357,141.907239846117,0.9,0.9,0.147833757941934,50.0665154666165,50.0533041318735,50.0846726399729
11.4,143.615154796705,90.9744576452811,116.138582242899,86.710655709319,276.01491874968,58.8923543218042,0,0,0,0,0,-11.7273661188667,1204.64,963.712,843.248,0,0,0,25.685810506024,203.277376394961,148.217063435254,0.9,0.9,0.150531052149274,50.0665457066266,50.0533099721655,50.0853017607942
11.5,153.522066455047,89.3272738912381,115.302499615315,79.3870394512842,252.702589603055,53.9182827955666,0,0,0,0,0,-12.7062078910621,1211.36,969.088,847.952,0,0,0,21.5491059063313,172.941863494293,158.731217589131,0.9,0.9,0.153453479964218,50.0665698986346,50.0533146443991,50.0859355696875
11.6,146.410938790741,87.0857830006443,114.142298187715,77.4883420351961,246.658709427721,52.628720860376,0,0,0,0,0,-5.39436346277901,1231.2,984.96,861.84,0,0,0,2.57154269087668,148.784492428365,166.771019048091,0.9,0.9,0.154694183560657,50.0672198091054,50.0533183821859,50.0865740991322
11.7,144.849503300498,86.5021284928849,114.518616114126,69.9446606909112,222.64587529236,47.5051849929075,0,0,0,0,0,-14.6857722468615,1201.28,961.024,840.896,0,0,0,13.514163991409,148.124003785245,158.872198892965,0.9,0.9,0.158071911177435,50.0671091806177,50.0533213724154,50.087217382272
11.8,151.254264559427,88.7013209854039,115.267297825893,70.1962599490831,223.446758969616,47.6760667898234,0,0,0,0,0,-3.68660269754278,1228.96,983.168,860.272,0,0,2.38527076856827,2.64533776073232,128.980080016723,162.943364615716,0.9,0.9,0.15891982979787,50.0676692295249,50.0533237646072,50.087865452844
11.9,145.583950940822,89.3593728823614,118.093662268299,78.5695592292813,250.100409568666,53.3630645874763,0,0,0,0,0,-16.6948713403693,1215.52,972.416,850.864,0,0,0,8.63351017010288,167.04378253094,159.407273144213,0.9,0.9,0.162759650206155,50.0674687169533,50.0533256783631,50.0885183451205
12,144.591655931986,91.0239261621117,117.738229447655,89.3469505189648,284.406698188229,60.6828794511131,0,0,0,0,0,-17.7106332468934,1218.88,975.104,853.216,0,0,0,15.058606450951,200.326624350341,154.794891101238,0.9,0.9,0.166833095852941,50.0673083068959,50.0533272093571,50.0891760938627
12.1,139.421903304302,84.4912351933112,114.764510169629,80.210170435809,255.322756985661,54.4773389023085,0,0,0,0,0,-16.9456420778235,1228.96,983.168,860.272,0,0,0,3.28815759587021,156.645992178972,169.241849071938,0.9,0.9,0.17073059353084,50.0679852813386,50.0533284341524,50.0898387342813
12.2,148.977778652763,92.4090135308789,117.676655058628,92.944390727275,295.857968608006,63.1261976530829,0,0,0,0,0,-19.7648593604931,1205.76,964.608,844.032,0,0,0,36.1621693800382,223.658982138885,143.229147288296,0.9,0.9,0.175276511183753,50.0677215584042,50.0533294139886,50.0905063020065
12.3,144.385142593368,86.5992409416315,115.58688852644,108.973578646718,346.881628445615,74.0129405420673,0,0,0,0,0,-20.8034359255836,1224.16,979.328,856.912,0,0,0,0,194.408750936962,177.184230156612,0.9,0.9,0.180061301446638,50.0735747702998,50.0533301978575,50.0911788330619
12.4,143.888766780639,86.7549378765037,118.314039824842,109.650431244231,349.036166583746,74.4726469376687,0,0,0,0,0,-21.8497304672934,1219.52,975.616,853.664,0,0,0,34.0191980248696,260.175104460249,140.877313237471,0.9,0.9,0.185086739454115,50.0721931495731,50.0533308249527,50.0918563638452
12.5,151.483509955466,89.3157399542961,118.033470900542,130.138702380352,414.2538546141,88.3879208255116,0,0,0,0,0,-22.9038002623965,1220.96,976.768,854.672,0,0,0,48.4856121059807,317.060314384527,133.121248365842,0.9,0.9,0.190354613514466,50.0710878529918,50.0533313266288,50.0925389311111
12.6,142.549757346516,84.2188163785464,116.122816178583,110.330080749332,351.199607759392,74.9342529437776,0,0,0,0,0,-23.9657030266988,1214.4,971.52,850.08,0,0,0,3.52573473486891,183.041433862276,179.451426015499,0.9,0.9,0.195866725210607,50.0780790377287,50.0533317279697,50.0932265719591
12.7,141.55410888926,85.9055449250126,118.154124565532,93.2484615576794,296.825878317161,63.3327172202181,0,0,0,0,0,-13.0354969158891,1237.12,989.696,865.984,0,0,0.0557430372265217,3.52573473481591,134.944570024719,181.48684178575,0.9,0.9,0.198864889501262,50.0842300003072,50.0533320490424,50.0939193238228
12.8,143.703544776611,88.5303711726422,117.927299136964,77.4883420351961,246.658709427721,52.628720860376,0,0,0,0,0,-25.5521531043989,1191.36,953.088,833.952,0,0,0,3.52573473471193,126.658825766116,170.55601999734,0.9,0.9,0.204741884715273,50.0855100265119,50.0533323059006,50.0946172244618
12.9,144.522167501281,84.6969907683041,118.352232993845,101.388936302461,322.738408408006,68.8615846828803,0,0,0,0,0,-27.1989928992651,1185.44,948.352,829.808,0,0,0,3.52573473481609,168.28994745027,167.990908186305,0.9,0.9,0.210997653082104,50.0883406846921,50.0533325113872,50.095320311956
13,144.630542638072,84.6346881724919,109.201078644003,111.012532928841,353.371970329331,75.3977624771167,0,0,0,0,0,-28.292813517667,1176,940.8,823.2,0,0,0,3.52573473480865,168.826727812983,182.79112422527,0.9,0.9,0.217505000191168,50.0930570694123,50.0533326757769,50.0960286247005
13.1,144.968422588832,89.8758769153794,114.692022644524,109.311655692452,347.95778578229,74.2425565333497,0,0,0,0,0,-29.3639979145064,1167.36,933.888,817.152,0,0,0,14.9497286057664,142.449817188045,188.934579177874,0.9,0.9,0.224258719711504,50.0970800235402,50.0533328072882,50.0967422014022
13.2,142.514366644111,83.4408118508861,112.360564908787,113.076763182016,359.942769972695,76.7997514077422,0,0,0,0,0,-18.5048996679349,1155.84,924.672,809.088,0,0,19.5437093176507,102.189725050641,77.1588979221637,189.160316316529,0.9,0.9,0.228514846635129,50.1005351056507,50.0533329124972,50.0974610810775
13.3,148.27932664464,89.2665808442898,117.27300459488,99.1524971571797,315.619438266174,67.3426344975124,0,0,0,0,0,-19.6232864137666,1167.84,934.272,817.488,0,0,29.0029183493196,102.273667533384,45.121626042254,184.615639092393,0.9,0.9,0.233028202510296,50.1035253536696,50.0533329966645,50.0981853030505
13.4,142.172181942523,84.5357675243247,115.215104826096,134.754036737697,428.94525704007,91.5225748546261,0,0,0,0,0,-20.7499838388726,1158.72,926.976,811.104,0,0,15.0503332560573,155.348012863495,87.6616393293923,206.737679680722,0.9,0.9,0.237800698793236,50.1061353258368,50.0533330639982,50.0989149069522
13.5,154.101650315588,88.0937836304938,119.829466552354,130.519224661296,415.465122428859,88.6463648750164,0,0,0,0,0,-33.8850536887453,1120.32,896.256,784.224,0,0,0,78.0015826503465,133.460939957559,192.669151623539,0.9,0.9,0.245594261141648,50.1084344165961,50.0533331178653,50.0996499327203
13.6,145.934289475461,86.7588418305282,114.157385136063,127.495734879664,405.840834853232,86.59286372165,0,0,0,0,0,-28.2388333506912,1103.68,882.944,772.576,0,0,0,119.535531980569,98.2272316151731,200.750248857713,0.9,0.9,0.252089192812307,50.1104795775126,50.0533331609589,50.1003904205988
13.7,142.048231761575,88.0738038602464,116.492850884094,134.754036737697,428.94525704007,91.5225748546261,0,0,0,0,0,-36.1805599512564,1106.56,885.248,774.592,0,0,0,3.52573473479712,232.520035889936,146.20208676643,0.9,0.9,0.260410721601096,50.1117564324139,50.0533331954338,50.1011364111392
13.8,146.460441345996,88.6601997306069,115.325453029263,136.708852278385,435.167770850165,92.8502512343541,0,0,0,0,0,-25.3411221707298,1079.68,863.744,755.776,0,0,17.4899085363511,221.673999034587,39.9533364536005,208.175704263617,0.9,0.9,0.266239179700363,50.1135220919352,50.0533332230137,50.1018879452008
13.9,141.104995352003,86.3921970525419,112.727918421543,135.143499030989,430.184982450515,91.7870908034901,0,0,0,0,0,-26.5103084350544,1080.96,864.768,756.672,0,0,19.9124352719152,215.387639921962,43.2682720590921,204.515009225034,0.9,0.9,0.272336550640426,50.1151330665954,50.0533332450776,50.102645063952
14,140.94015036395,90.5744583040233,118.418059052985,120.864373673895,384.732072505198,82.0889596677442,0,0,0,0,0,-27.6881828248095,1061.76,849.408,743.232,22.1335186565067,0,47.8109892514211,261.804524037845,3.05870558530314,200.507018720729,0.9,0.9,0.278704832690132,50.1166183164033,50.0594971049943,50.1034078088716
14.1,144.994042473728,87.640642258662,122.615241273517,128.247181290899,408.232817919731,87.1032329253226,0,0,0,0,0,-40.87480989744,1026.56,821.248,718.592,0,0,0,0,236.792623050843,107.789944364932,0.9,0.9,0.288106038966543,50.1133759628086,50.0582643506621,50.1041762217503
14.2,141.554047550443,82.3667523313715,111.843144010492,154.732601501364,492.540462091508,105.091665127075,0,0,0,0,0,-30.070254690678,1052.96,842.368,737.072,150,0,120,0,187.46078557717,0,0.9,0.9,0.295022197545399,50.1816955497716,50.0643604218348,50.1407019701406
14.3,142.821082626611,87.1286402265948,114.31290076475,166.988946583516,531.554514797543,113.415959429359,0,0,0,0,0,-50.782424070157,1044.16,835.328,730.912,0,0,0,216.12283637656,117.936862554796,215.892286040609,0.9,0.9,0.306702155081535,50.1720231064839,50.0621550041345,50.1353325659885
14.4,140.825850618622,87.0247671902179,109.52164637201,180.821053061612,575.584486828745,122.810483194186,0,0,0,0,0,-49.014511188945,1002.4,801.92,701.68,0,0,0,293.332138427431,90.6260203328285,232.332129566196,0.9,0.9,0.317975492654993,50.1642851518538,50.0603906699743,50.1310743019774
14.5,140.0385241339,88.2494937552769,112.981242762171,156.445493065749,497.992890309277,106.25503099139,0,0,0,0,0,-51.5209591171774,995.2,796.16,696.64,0,0,0,154.308634272769,145.608262886628,179.640786835417,0.9,0.9,0.329825313251944,50.1580947881497,50.0589792026461,50.1277289027976
14.6,137.146296231657,79.8308115670177,106.867819674952,134.365323410122,427.707915716217,91.2585675901223,0,0,0,0,0,-40.1291683091804,995.04,796.032,696.528,61.9448198348411,0,56.2464491172109,271.511619641779,3.0587055853958,198.126387265074,0.9,0.9,0.339055021963055,50.1533414633888,50.0652792132064,50.1251336780126
14.7,127.914626549536,77.8619949587563,103.5200714768,132.048731357003,420.333805094089,89.6851789576028,0,0,0,0,0,-40.8614601323155,988.32,790.656,691.824,0,0,13.1195000119495,227.621644295334,28.1277982913333,193.205250434403,0.9,0.9,0.348453157793488,50.1493398373777,50.0628900372318,50.1231551370944
14.8,132.046390332674,82.5386134886572,106.077118851907,133.590140768715,425.240376149898,90.7320771558335,0,0,0,0,0,-41.697303319617,986.4,789.12,690.48,2.55144908260385,0,27.8314124986721,265.636531101388,2.78284207873234,196.80919600774,0.9,0.9,0.358043537557,50.146507612485,50.0615784000935,50.1216837501181
14.9,133.282595616619,78.8875761376973,106.19949916062,150.086714653021,477.751805836105,101.936260382716,0,0,0,0,0,-42.6198634255457,999.2,799.36,699.44,150,0,120,0,162.720618026157,0,0.9,0.9,0.367846106144875,50.2051390753543,50.0676808799637,50.1525368806121
15,135.092578976154,80.8464871135598,101.571057046846,122.317637245426,389.358060203442,83.0759907595686,0,0,0,0,0,-50.3158583304674,968.32,774.656,677.824,150,0,120,0,224.451452682971,0,0.9,0.9,0.379418753560883,50.2522325647873,50.0728158378296,50.1784952125596
15.1,125.582549127058,77.8801104883941,100.599260183902,148.420642456641,472.448411712822,100.804693410788,0,0,0,0,0,-57.2924768455527,958.88,767.104,671.216,150,0,120,0,136.775477798804,0,0.9,0.9,0.39259602323536,50.286436292952,50.0771578241158,50.1970767731478
15.2,123.095868793548,73.1707623511721,97.2110699816468,143.091137810342,455.483682523649,97.1849874655155,0,0,0,0,0,-62.9795566946703,951.68,761.344,666.176,150,0,120,0,152.68955512517,0,0.9,0.9,0.407081321275134,50.3138814334811,50.0808500765446,50.2129626850846
15.3,122.32710075589,73.8951415252311,95.5164667541987,135.924673398137,432.671594709572,92.3176507126598,0,0,0,0,0,-68.2863659328716,961.6,769.28,673.12,150,0,120,0,182.713263765237,0,0.9,0.9,0.422787185439694,50.3382182435643,50.0840101386544,50.2281797811964
15.4,116.730659048743,71.6277349581912,92.935809071108,123.782503658333,394.020981739791,84.070902297457,0,0,0,0,0,-73.6115829672141,973.92,779.136,681.744,150,0,120,0,233.48728330203,0,0.9,0.9,0.439717849522154,50.3616955064905,50.0867344701835,50.243657007837
15.5,113.930186010937,65.7057133796684,91.1463073530191,107.628241107178,342.599187854786,73.0992109154962,0,0,0,0,0,-79.14359837369,1001.92,801.536,701.344,150,0,120,0,313.23109876555,0,0.9,0.9,0.457920877148102,50.3867379482433,50.0891022302077,50.2610912169503
15.6,118.295827093263,73.3761730404512,95.898453905928,128.247181290899,408.232817919731,87.1032329253226,0,0,0,0,0,-85.2413523658516,978.4,782.72,684.88,150,0,120,0,221.111009039811,0,0.9,0.9,0.477526388192248,50.4003046241434,50.091178381468,50.2711555956315
15.7,109.476863106463,64.6636944420122,86.9200231156338,133.590140768715,425.240376149898,90.7320771558335,0,0,0,0,0,-89.9657840584117,995.2,796.16,696.64,150,0,120,0,226.255929408063,0,0.9,0.9,0.498218518525683,50.4138614321314,50.0930162376852,50.2821183010101
15.8,98.2126597359447,59.5545748222241,79.6219965421557,119.422666809182,380.142871790831,81.1097776882024,0,0,0,0,0,-94.9795081442382,1000.64,800.512,700.448,150,0,120,0,280.814553386937,0,0.9,0.9,0.520063805398858,50.4288231021658,50.0946595538083,50.2943207386633
15.9,100.432682764175,59.6005007286103,80.091186680233,109.989906022907,350.116773144581,74.7032122446146,0,0,0,0,0,-100.363203061503,1025.6,820.48,717.92,150,0,120,0,330.762726126803,0,0.9,0.9,0.543147342103003,50.445082136561,50.0961442412084,50.3079217648155
16,86.9513883406798,54.7261434047674,70.0912505162705,115.51718555534,367.711053784849,78.4572434187181,0,0,0,0,0,-106.162625940104,1053.12,842.496,737.184,150,0,120,0,340.058802810382,0,0.9,0.9,0.567564746069227,50.4628192327293,50.0974997751142,50.3229771627864
16.1,93.6994592282545,55.4537071794714,74.3049072797393,148.006059896431,471.128724175746,100.523116217861,0,0,0,0,0,-112.403477162151,1025.12,820.096,717.584,150,0,120,0,213.513568644808,0,0.9,0.9,0.593417545816522,50.4680439836335,50.0987503495097,50.3297363240511
16.2,88.1049241509341,50.4961268373399,71.6688151483253,143.496494900625,456.774003804509,97.46029888131,0,0,0,0,0,-117.052672655593,1037.6,830.08,726.32,150,0,120,0,242.809869358152,0,0.9,0.9,0.620339660527308,50.4752349976999,50.0999158248094,50.337688200391
16.3,71.5140643044568,46.6643378178268,60.5199955026986,123.782503658333,394.020981739791,84.070902297457,0,0,0,0,0,-120,1069.44,855.552,748.608,150,0,120,0,87.0765616789248,0,0.9,0.9,0.647939660527308,50.448775435971,50.1010125054903,50.3341668326885
16.4,73.8136298592036,45.7216480256055,62.3403313513138,127.121114938754,404.648355201147,86.3384284378245,0,0,0,0,0,-120,1077.44,861.952,754.208,150,0,120,0,331.581996773313,0,0.9,0.9,0.675539660527308,50.4692210494704,50.1020537781937,50.348070698179
16.5,67.6677049552421,39.2449956256395,52.360311327752,129.379878044074,411.838386344259,87.8725406647401,0,0,0,0,0,-120,1104.96,883.968,773.472,150,0,120,0,93.5047725834801,0,0.9,0.9,0.703139660527308,50.446535187602,50.1029763558883,50.3455964552477
16.6,64.0460378588077,39.8154301136259,49.9827344594218,100.426389566592,319.674456729631,68.2078398466044,0,0,0,0,0,-120,1101.6,881.28,771.12,150,74.3002263134857,120,0,359.489886843257,0,0.9,0.9,0.730739660527308,50.4755118264249,50.1039506013682,50.3635344209574
16.7,59.7344704576909,39.161846865959,49.3909463630999,112.730962922905,358.842028320572,76.5648899455893,0,0,0,0,0,-120,1102.08,881.664,771.456,150,0,120,0,155.043373433634,0,0.9,0.9,0.758339660527308,50.4562552781258,50.1044938144279,50.3603197751661
16.8,43.5593833360166,26.2667558436765,35.2566585502427,119.78201260708,381.286731220775,81.3538390423776,0,0,0,0,0,-120,1126.56,901.248,788.592,150,0,120,0,407.553487064451,0,0.9,0.9,0.785939660527308,50.4867667030416,50.1054829596487,50.3778533537872
16.9,34.0901455649888,20.9314581058148,27.8686366775837,137.496041438553,437.673529229074,93.3848962852956,0,0,0,0,0,-120,1144.96,915.968,801.472,150,0,120,0,377.36301266507,0,0.9,0.9,0.813539660527308,50.5125298708328,50.1057197010523,50.3929784786347
17,28.6050342862989,17.0506714439026,22.5155719090913,169.243492581738,538.731122164031,114.947207471205,0,0,0,0,0,-120,1152.64,922.112,806.848,150,0,120,0,286.330206392034,0,0.9,0.9,0.841139660527308,50.5306627597505,50.1059090941752,50.4036341456571
17.1,22.8997943090772,14.1148278718287,19.6973151448445,181.294819772266,577.092567687756,123.132257222551,0,0,0,0,0,-120,1159.2,927.36,811.44,150,0,120,0,256.152604440413,0,0.9,0.9,0.868739660527308,50.5451975925896,50.1060606086735,50.4120553735433
17.2,22.9469739578585,13.4253943814964,18.380987588975,166.540453681355,530.126884814387,113.1113509278,0,0,0,0,0,-120,1176.16,940.928,823.312,150,0,120,0,317.375720804094,0,0.9,0.9,0.896339660527308,50.5610477503864,50.1061818202721,50.4218869203658
17.3,19.5637653723234,11.9441776380218,15.7277601146539,144.30950427546,459.361952364026,98.012480568532,0,0,0,0,0,-15.9145194464877,1186.24,948.992,830.368,150,0,120,0,148.655802309899,0,0.9,0.9,0.9,50.5369820864081,50.106278789551,50.416457899689
17.4,16.1173567130871,9.55299724804713,12.0905920910599,186.560982150782,593.855667552915,126.708942212126,0,0,0,0,0,0,1196.8,957.44,837.76,150,0,120,0,3.05870558537677,0,0.9,0.9,0.9,50.5038358906077,50.1011799155865,50.4057079818427
17.5,13.7528075940592,8.75940545047679,11.1165741173945,175.200081930652,557.691969729034,118.992818332017,0,0,0,0,0,0,1194.24,955.392,835.968,150,0,120,0,63.554488666023,0,0.9,0.9,0.9,50.4895426378572,50.1022772658025,50.4023217907372
17.6,7.30458119963134,4.4918172159426,5.82652102583943,166.988946583516,531.554514797543,113.415959429359,0,0,0,0,0,0,1189.44,951.552,832.608,150,0,120,0,89.7062155238707,0,0.9,0.9,0.9,50.4793537311709,50.1031551459753,50.4005862050316
17.7,10.385937637531,6.03825872528367,8.16266231227458,160.345618866298,510.407660987068,108.903927931064,0,0,0,0,0,0,1197.76,958.208,838.432,150,0,120,0,3.05870558530099,0,0.9,0.9,0.9,50.4429142216077,50.0950131887711,50.3883153296748
17.8,1.61137007092487,0.940466750226921,1.24243796244446,159.038459956334,506.246749535351,108.016128559109,0,0,0,0,0,0,1214.4,971.52,850.08,150,0,120,0,63.9423901603679,0,0.9,0.9,0.9,50.4347663343568,50.0973438843502,50.3880690953
17.9,12.0238372058096,6.48770658610875,9.12130819319311,153.032258536798,487.127978223497,103.936822051346,0,0,0,0,0,0,1190.24,952.192,833.168,150,0,120,0,46.596194953057,0,0.9,0.9,0.9,50.4225075680136,50.0992084408135,50.3843379175249
18,2.1846555121647,1.32722740854435,1.75173639871725,142.282715219782,452.910334486739,96.6359210416078,0,0,0,0,0,0,1205.92,964.736,844.144,150,0,120,0,10.9290006342386,0,0.9,0.9,0.9,50.4029381654015,50.1007000859842,50.3789332171965
18.1,0,0,0,135.143499030989,430.184982450515,91.7870908034901,0,0,0,0,0,0,1195.2,956.16,836.64,150,0,120,0,119.874110920739,0,0.9,0.9,0.9,50.4026745813456,50.1018934021207,50.3807202345415
18.2,0,0,0,137.496041438553,437.673529229074,93.3848962852956,0,0,0,0,0,0,1198.24,958.592,838.768,150,0,120,0,2.17824971361671,0,0.9,0.9,0.9,50.3823689503869,50.1017174905059,50.3741459711294
18.3,1.72860912914412,1.0219534882536,1.37859795206191,131.665240605582,419.113088127658,89.4247187750904,0,0,0,0,0,0,1210.56,968.448,847.392,150,0,120,0,18.4449050139128,0,0.9,0.9,0.9,50.3678726381165,50.1027073257381,50.3702040644485
18.4,0,0,0,124.888795585488,397.542499065304,84.8222763428309,0,0,0,0,0,0,1191.68,953.344,834.176,150,0,120,0,2.17824971359102,0,0.9,0.9,0.9,50.3481175299104,50.1012467678162,50.3633759849112
18.5,2.49812506594467,1.52126352725655,2.26931643648297,131.282493053059,417.894736891041,89.1647633602154,0,0,0,0,0,0,1183.36,946.688,828.352,150,0,120,0,3.05439284292405,0,0.9,0.9,0.9,50.3288320065856,50.0952083472099,50.3557808033187
18.6,1.65354861790127,1.06981938413274,1.46107349455509,130.519224661296,415.465122428859,88.6463648750164,0,0,0,0,0,0,1157.76,926.208,810.432,43.5009871669145,0,120,132.172773279197,82.2577148327443,0,0.9,0.9,0.9,50.2910656052684,50.0868333444346,50.3412058660043
18.7,0,0,0,155.159646159096,493.899818626667,105.381706357748,0,0,0,0,0,0,1175.84,940.672,823.088,0,0,120,124.368190305917,190.277549454627,0,0.9,0.9,0.9,50.2595191508814,50.0801333422143,50.3261888832339
18.8,0,0,0,113.770483727355,362.151001687592,77.270914217229,0,0,0,0,0,0,1164.48,931.584,815.136,150,0,120,0,35.2630813262517,0,0.9,0.9,0.9,50.2653482700438,50.0854400071048,50.3290551235591
18.9,0,0,0,135.533711010852,431.42709424215,92.0521159263046,0,0,0,0,0,0,1172.8,938.24,820.96,0,0,120,135.533711010852,131.063457689624,0,0.9,0.9,0.9,50.2395302325247,50.0790186723509,50.3179067258275
19,0,0,0,153.880864327513,489.829236292171,104.513180198999,0,0,0,0,0,0,1128.8,903.04,790.16,0,0,115.459466238211,40.733702263106,254.137583141332,104.513180198999,0.9,0.9,0.9,50.2182908526865,50.0738816045636,50.287925380662
19.1,3.20285356296609,1.89916679625917,2.63404020896631,119.422666809182,380.142871790831,81.1097776882024,0,0,0,0,0,0,1122.4,897.92,785.68,0,0,103.135327037768,3.52573473481961,250.23611292288,83.7438178971687,0.9,0.9,0.9,50.1931135024123,50.0697719503176,50.2639403045296
19.2,0.794246434573192,0.482060550968378,0.643456236755915,119.422666809182,380.142871790831,81.1097776882024,0,0,0,0,0,0,1108.64,886.912,776.048,0,0,120,33.6456444199387,177.534886210797,0,0.9,0.9,0.9,50.1811574685965,50.0664842269207,50.2581367488424
19.3,0,0,0,118.348942996677,376.725024371229,80.3805233342535,0,0,0,0,0,0,1110.72,888.576,777.504,0,0,110.213728155391,2.49756499117702,237.207474729043,80.3805233342535,0.9,0.9,0.9,50.1653993654201,50.063854048204,50.2401093990739
19.4,0.636415091712276,0.364161056476773,0.500606698492897,104.641813114359,333.092874322191,71.0708814781171,0,0,0,0,0,0,1073.6,858.88,751.52,39.7320427623424,0,120,105.278228206071,45.2262360401496,0,0.9,0.9,0.9,50.1603194923361,50.06174990523,50.2447040407916
19.5,1.45250242276107,0.832884921927939,1.10730437711886,102.681872192458,326.854045542875,69.7397240294948,0,0,0,0,0,0,1062.08,849.664,743.456,0,0,120,68.6767091427429,109.438063458423,0,0.9,0.9,0.9,50.1549222605355,50.0600665908507,50.2433500866461
19.6,0,0,0,96.9491898331808,308.605932405339,65.8461868632129,0,0,0,0,0,0,1049.44,839.552,734.608,0,0,90.1782214476603,0.15647057403675,230.528742062618,65.8461868632129,0.9,0.9,0.9,50.1373365854322,50.0587199393479,50.2282800693169
19.7,0.530097212812647,0.32937690848485,0.427541329393346,127.871090090095,407.035654994561,86.8477983876193,0,0,0,0,0,0,1026.56,821.248,718.592,0,0,120,69.3268627470596,169.182591863081,0,0.9,0.9,0.9,50.1365359350124,50.057642618145,50.2279285728273
19.8,0.209625367225333,0.127952563530509,0.170306444812656,140.274992711969,446.519408707977,95.2723111790969,0,0,0,0,0,0,1000.8,800.64,700.56,0,0,35.6414799305597,1.42591904138604,330.073930914749,95.4426176239095,0.9,0.9,0.9,50.1230695814533,50.0567807611827,50.2159428582618
19.9,0,0,0,154.306341131121,491.183602078208,104.802156570689,0,0,0,0,0,0,991.04,792.832,693.728,0,0,0,147.394917886419,485.654463479659,75.2744127286317,0.9,0.9,0.9,50.1117889984964,50.0560912756128,50.2047542866094
20,1.29478580448531,0.8075420170948,1.02900381544375,155.159646159096,493.899818626667,105.381706357748,0,0,0,0,0,0,984.16,787.328,688.912,0,0,0,172.294431963581,507.379360626918,62.5012898267841,0.9,0.9,0.9,50.1027645321305,50.0555396871547,50.1958034292876
20.1,1.95731293437549,1.24815790084536,1.58161518636596,128.624009202928,409.432325923339,87.3591678243502,0,0,0,0,0,0,938.88,751.104,657.216,0,0,27.0339954446349,2.6588081921246,300.177360892049,88.9407830107162,0.9,0.9,0.9,50.0961967954825,50.0550984163904,50.19024274343
20.2,3.80555919983779,2.42622816054299,3.09024847525585,119.064040422051,379.00130236899,80.8662049451836,0,0,0,0,0,0,935.52,748.416,654.864,0,0,0,187.349599621889,433.011530529533,50.9075465795235,0.9,0.9,0.9,50.0902907697193,50.054745399779,50.184194194744
20.3,3.89408935172174,2.26645068008354,3.08019382086654,125.259019047176,398.72098396847,85.0737256151911,0,0,0,0,0,0,906.56,725.248,634.592,0,0,0,222.593108398898,475.739434648554,26.4380805639356,0.9,0.9,0.9,50.0855659491088,50.0544629864899,50.1793553557952
20.4,0,0,0,107.293645778879,341.534113423059,72.8719596455414,0,0,0,0,0,0,912.8,730.24,638.96,0,0,0,150.470320929297,376.075453540547,63.6973702957508,0.9,0.9,0.9,50.0817860926208,50.0542370558586,50.1754842846362
20.5,0,0,0,118.348942996677,376.725024371229,80.3805233342535,0,0,0,0,0,0,860.16,688.128,602.112,0,0,0,105.712262372547,366.615679871924,62.72214891544,0.9,0.9,0.9,50.07876220743,50.0540563113535,50.1723874277089
20.6,1.76896321501648,1.06363762226032,1.35750691081158,113.770483727355,362.151001687592,77.270914217229,0,0,0,0,0,0,854.88,683.904,598.416,0,0,0,209.2871050785,438.212765829117,20.3365156175228,0.9,0.9,0.9,50.0763430992773,50.0539117157509,50.1699099421672
20.7,1.77943921703361,1.05264064551345,1.40624334494768,108.636199386176,345.807692279125,73.783798474231,0,0,0,0,0,0,849.6,679.68,594.72,0,0,0,260.815638603209,467.180332924638,3.61148152904375,0.9,0.9,0.9,50.0744078127552,50.0537960392673,50.1673837506206
20.8,1.77630418199397,1.06427502963844,1.3926743553862,117.99247051673,375.590311206114,80.1384134871615,0,0,0,0,0,0,847.84,678.272,593.488,0,0,0,271.928774698724,498.382586235752,3.60355717535669,0.9,0.9,0.9,50.0728595835375,50.0537034980805,50.1643541144941
20.9,14.6061054156125,8.6503663640016,11.5095528915923,120.502865318583,383.581329283361,81.8434295425581,0,0,0,0,0,0,810.56,648.448,567.392,0,0,0,324.548970734196,543.783695660221,3.94728076525947,0.9,0.9,0.9,50.0716210001633,50.0536294651328,50.156828856502
21,1.90384525732153,1.1385014122909,1.5028760724983,111.697793549579,355.553272650343,75.8631794544088,0,0,0,0,0,0,788.32,630.656,551.824,0,0,0,325.2816388069,526.035773835859,3.66787082494798,0.9,0.9,0.9,50.070630133464,50.0535702387427,50.150901761688
21.1,3.70722227873265,2.20006635374121,2.94160899332711,124.519302347353,396.3663385892,84.571323025482,0,0,0,0,0,0,804.16,643.328,562.912,0,0,0,324.066524626085,555.238404735139,3.94728076529265,0.9,0.9,0.9,50.0698374401045,50.0535228576331,50.1462483143126
21.2,3.11972556215292,1.88176678617264,2.4392242738583,104.31343946374,332.04760455974,70.8478558623608,0,0,0,0,0,0,746.56,597.248,522.592,0,0,0,360.873165025892,536.681371345913,3.94728076515231,0.9,0.9,0.9,50.069203285417,50.0534849527732,50.1390463366632
21.3,2.10930152069842,1.20407000402004,1.69906527762138,110.670956144359,352.284672722776,75.1657695247482,0,0,0,0,0,0,722.72,578.176,505.904,0,0,0,390.060257665058,575.312742726796,3.78217586955851,0.9,0.9,0.9,50.0686959616669,50.0534546288852,50.1306046679076
21.4,0,0,0,114.467035781202,364.368246580675,77.7440001375595,0,0,0,0,0,0,742.72,594.176,519.904,0,0,0,371.747035781202,570.192246580675,2.78450360673859,0.9,0.9,0.9,50.0682901026669,50.0534303697748,50.1257338004935
21.5,2.44857675515321,1.37950484675755,1.92272108885537,105.631067434286,336.241840830446,71.7427656363783,0,0,0,0,0,0,717.6,574.08,502.32,0,0,0,390.479644176477,563.541345677203,3.91392072357337,0.9,0.9,0.9,50.0679654154651,50.0534109624865,50.1198857860683
21.6,0,0,0,106.294021996154,338.352139132676,72.1930327302827,0,0,0,0,0,0,698.56,558.848,488.992,0,0,0,407.734021996154,579.504139132676,2.78450360663437,0.9,0.9,0.9,50.0677056657054,50.0533954366559,50.1137772240097
21.7,0,0,0,88.75655408344,282.527364871598,60.2818925621682,0,0,0,0,0,0,708.96,567.168,496.272,0,0,0,379.79655408344,515.35936485449,2.78450360662637,0.9,0.9,0.9,50.0674978658977,50.0533830159891,50.1114491930519
21.8,0,0,0,100.106899701828,318.657465584278,67.9908479421611,0,0,0,0,0,0,691.84,553.472,484.288,0,0,0,408.266899701828,565.185465597643,2.78450360659852,0.9,0.9,0.9,50.0673316260515,50.0533730794597,50.1069610409017
21.9,0.228091960404432,0.141739024640819,0.183857428861086,95.0868235017843,302.677700316243,64.5813003626047,0,0,0,0,0,0,670.88,536.704,469.616,0,0,0,424.434915462189,566.11543957953,1.22963591455781,0.9,0.9,0.9,50.0671986341745,50.0533651302663,50.1020516602272
22,6.89180086449839,4.14999557832424,5.53037038568415,87.2919542658045,277.865291953817,59.2871620911061,0,0,0,0,0,0,651.84,521.472,456.288,0,0,0,442.343755130303,560.543287545396,8.5295324767901,0.9,0.9,0.9,50.0670922406729,50.0533587708814,50.0976413281818
22.1,0,0,0,98.8357162560027,314.611070217465,67.1274824735554,0,0,0,0,0,0,670.08,536.064,469.056,0,0,0,368.368439638172,530.237248899481,2.78450360658175,0.9,0.9,0.9,50.0670071258756,50.0533536833718,50.0972195858226
22.2,2.03322753492823,1.17790533391948,1.59536585521465,87.0009813248022,276.939075077562,59.0895383803938,0,0,0,0,0,0,658.4,526.72,460.88,0,0,0,395.910500941259,523.618014076704,3.72178245849195,0.9,0.9,0.9,50.0669390340338,50.0533496133641,50.0951573748545
22.3,0,0,0,71.9743688386707,229.106785141404,48.8837271159013,0,0,0,0,0,0,640.8,512.64,448.56,0,0,0,431.174368838671,516.466785141404,0.323727115901165,0.9,0.9,0.9,50.0668845605604,50.053346357358,50.0921258998836
22.4,0,0,0,61.0525510319739,194.340762097823,41.4658202986997,0,0,0,0,0,0,658.08,526.464,460.656,0,0,0,402.972551064409,467.876762097823,2.78450360648898,0.9,0.9,0.9,50.066840981786,50.053343752553,50.0918881433862
22.5,2.92571703700564,1.63207698560138,2.22582292615938,71.7185360139354,228.292425294218,48.7099699549363,0,0,0,0,0,0,613.76,491.008,429.632,0,0,0,374.622532006998,469.907125444665,3.94728076520661,0.9,0.9,0.9,50.0668061187621,50.0533416687091,50.0907443300118
22.6,0.170768507130532,0.10409572429675,0.138877711666375,62.2073608958404,198.016720353922,42.2501468744914,0,0,0,0,0,0,601.44,481.152,421.008,0,0,0,460.938129402971,516.968816078219,21.3810245861577,0.9,0.9,0.9,50.066778228343,50.0533400016339,50.0885954640094
22.7,0,0,0,82.7136625946819,263.291802764051,56.1776668038349,0,0,0,0,0,0,606.08,484.864,424.256,0,0,0,447.287284196257,554.950700058435,20.1831154444651,0.9,0.9,0.9,50.0667559160078,50.0533386679756,50.0868763712076
22.8,0,0,0,61.2823596407933,195.072282393366,41.6219022693189,0,0,0,0,0,0,608.96,487.168,426.272,0,0,0,334.081343635528,413.311469582834,2.784503606478,0.9,0.9,0.9,50.0667380661406,50.0533376010471,50.0893893637033
22.9,1.66455660635787,1.0029121065901,1.27001860936887,80.4858065196336,256.20015400981,54.6645460890111,0,0,0,0,0,0,607.52,486.016,425.264,0,0,0,460.287788466836,559.713006389076,24.933534836016,0.9,0.9,0.9,50.0667237862458,50.0533367475044,50.0875114909628
23,0,0,0,79.6607876224867,253.573977076881,54.1042077451766,0,0,0,0,0,0,596.64,477.312,417.648,0,0,0,354.636652013227,473.554668582764,2.78450360662375,0.9,0.9,0.9,50.0667123623311,50.0533360646702,50.087624251823
23.1,0.507378032750997,0.294748177547438,0.401105285281153,75.6201626293296,240.711973323583,51.359886221692,0,0,0,0,0,0,600,480,420,0,0,0,440.465436023444,532.477037790221,17.4961496524294,0.9,0.9,0.9,50.0667032231982,50.0533355184028,50.0860994014585
23.2,0.104863447286879,0.0641446202778383,0.0876023739157813,68.200279046747,217.093208738938,46.3204316195164,0,0,0,0,0,0,575.68,460.544,402.976,0,0,0,368.068400240657,456.967959556514,1.53027468279899,0.9,0.9,0.9,50.0666959118919,50.0533350813889,50.0855275729301
23.3,0,0,0,71.2086905169546,226.669499458023,48.3636918486073,0,0,0,0,0,0,606.72,485.376,424.704,0,0,0,234.272695086337,357.120703113529,2.7845036065228,0.9,0.9,0.9,50.0666900628469,50.0533347317778,50.0931743520397
23.4,4.92573019157203,2.94916988058226,4.02691664156447,68.9442755678338,219.461477524798,46.8257409886546,0,0,0,0,0,0,584,467.2,408.8,0,0,0,391.493477620297,476.509424891818,2.70204637457562,0.9,0.9,0.9,50.0666853836108,50.0533344520886,50.0905394816318
23.5,1.31107103692644,0.831185232688898,1.07290883143916,77.4883420351961,246.658709427721,52.628720860376,0,0,0,0,0,0,596.48,477.184,417.536,0,0,0,183.284143568273,331.077679057331,3.41611182376373,0.9,0.9,0.9,50.066681640222,50.0533342283375,50.0991025674769
23.6,0,0,0,73.5221522682171,234.033645791386,49.9349544350884,0,0,0,0,0,0,584,467.2,408.8,0,0,0,196.591733337127,332.489310663826,2.78450360650262,0.9,0.9,0.9,50.0666786455109,50.053334049339,50.105049081919
23.7,0.392930988181856,0.229456233258625,0.303830830078892,70.7012670842771,225.054283468749,48.0190587658106,0,0,0,0,0,0,583.2,466.56,408.24,0,0,0,114.451449307878,259.969540690343,2.95998080682023,0.9,0.9,0.9,50.0666762497421,50.0533339061379,50.1142171627489
23.8,0,0,0,63.6122425314923,202.488700035604,43.2043178052748,0,0,0,0,0,0,582.56,466.048,407.792,0,0,0,102.537933964671,233.629253182147,2.78450360658916,0.9,0.9,0.9,50.066674333127,50.053333791577,50.1224682504678
23.9,1.69908624617984,1.03574117631931,1.39061352600243,61.0525510319739,194.340762097823,41.4658202986997,0,0,0,0,0,0,579.04,463.232,405.328,0,0,0,3.48531246162274,124.688115203893,42.8564338247021,0.9,0.9,0.9,50.069622604548,50.0533336999282,50.1304203772257
